id,headline,desk,date,section,snippet,source,type,url,word_count,locations,subjects
5caf76a949f0eacbf1f82e07,"b'With Brexit Delayed, British Businesses Say: Enough Already'",Business,2019-04-11,Business,"b'The extension announced on Wednesday gives the country six more months to figure out a plan to leave the E.U., but firms, especially small ones, fear another impasse.'",The New York Times,News,https://www.nytimes.com/2019/04/11/business/brexit-business.html,909,['Great Britain'],"['Great Britain Withdrawal from EU (Brexit)', 'Small Business', 'Shopping and Retail']"
5ca3d59649f0eacbf1f804f4,b'Business Highlights',None,2019-04-02,Business,b'',AP,News,https://www.nytimes.com/aponline/2019/04/02/business/ap-us-business-highlights.html,896,[],[]
5c7f9a8249f0eacbf105b94b,b'Gwyneth Paltrow Is All Business',SundayBusiness,2019-03-06,Business,"b'The Oscar winner says, \xe2\x80\x9cI was masquerading as an actor.\xe2\x80\x9d Now she\xe2\x80\x99s focused on seeing what comes next for her lifestyle company, Goop. Maybe psychedelics?'",The New York Times,News,https://www.nytimes.com/2019/03/06/business/gwyneth-paltrow-goop-corner-office.html,1842,[],"['Entrepreneurship', 'Executives and Management (Theory)']"
5ca269b449f0eacbf1f7fe39,"b'For Many British Businesses, Brexit Has Already Happened'",Business,2019-04-01,Business,b'No one knows how the politics of Brexit will end. But the twisting road has already cooled investment and damaged the nation\xe2\x80\x99s reputation as a haven for commerce.',The New York Times,News,https://www.nytimes.com/2019/04/01/business/british-business-brexit.html,1382,"['England', 'Europe', 'London (England)', 'Great Britain', 'Japan']","['Great Britain Withdrawal from EU (Brexit)', 'British Pound (Currency)', 'Banking and Financial Institutions', 'Relocation of Business', 'Automobiles', 'International Trade and World Market', 'Factories and Manufacturing', 'Economic Conditions and Trends', 'Labor and Jobs']"
5caa85bd49f0eacbf1f817c0,b'KPMG Plans Overhaul of British Business: The Times',None,2019-04-07,Business,"b'KPMG is planning an overhaul of its British business to create an independent audit firm, regardless of any decision by the competition regulator to force a break-up of the Big Four  accounting firms, The Times reported on Monday. '",Reuters,News,https://www.nytimes.com/reuters/2019/04/07/business/07reuters-kpmg-restructuring.html,181,[],[]
5cb0ff0749f0eacbf1f838d0,b'Business Highlights',None,2019-04-12,Business,b'',AP,News,https://www.nytimes.com/aponline/2019/04/12/business/ap-us-business-highlights.html,885,[],[]
5caef54d49f0eacbf1f829c0,b'Business Highlights',None,2019-04-11,Business,b'',AP,News,https://www.nytimes.com/aponline/2019/04/11/business/ap-us-business-highlights.html,858,[],[]
5ca282ac49f0eacbf1f7fe9e,b'Business Highlights',None,2019-04-01,Business,b'',AP,News,https://www.nytimes.com/aponline/2019/04/01/business/ap-us-business-highlights.html,813,[],[]
5ca452c549f0eacbf1f806d1,b'Stagecoach Jumps on Profit Bump From Rail Businesses',None,2019-04-03,Business,"b'Shares in Stagecoach rose almost 13 percent on Wednesday after the British transport company bumped up its annual profit forecast, citing a strong performance at its rail businesses.'",Reuters,News,https://www.nytimes.com/reuters/2019/04/03/business/03reuters-stagecoach-grp-outlook.html,448,[],[]
5c630e9b3a125f5075c094f2,"b'Small Businesses Have a New Tax Break, but There Are Many \xe2\x80\x98Ifs\xe2\x80\x99'",SundayBusiness,2019-02-12,Business,b'The 2017 tax bill provides a 20 percent deduction for \xe2\x80\x98qualified business income.\xe2\x80\x99 But which small businesses are eligible?',The New York Times,News,https://www.nytimes.com/2019/02/12/business/small-business-tax-break.html,989,[],"['Income Tax', 'Small Business', 'Tax Credits, Deductions and Exemptions', 'Federal Taxes (US)']"
5cae203e49f0eacbf1f8263e,"b'Uneasy About the Economy, Some Businesses Hold Off on Hiring'",None,2019-04-10,Business,"b'Samantha Martin does most of the annual hiring for her public relations firm in the first quarter. But not this year &#8212; clients worried about a slowing economy are cutting their budgets, and Martin has in turn scaled back her own plans.'",AP,News,https://www.nytimes.com/aponline/2019/04/10/business/ap-us-smallbiz-small-talk-not-hiring.html,889,[],[]
5cb06c8a49f0eacbf1f834b5,"b'Which Is Riskier, Prostitution or Investing?'",SundayBusiness,2019-04-12,Business,"b'An intriguing new book by an economist who writes a column for Quartz discusses ways of reducing risk in many walks of life, our reviewer says.'",The New York Times,Review,https://www.nytimes.com/2019/04/12/business/prostitution-or-investing-risk.html,1002,[],"['Books and Literature', 'Economics (Theory and Philosophy)', 'Stocks and Bonds', 'Pensions and Retirement Plans']"
5ca21f0049f0eacbf1f7b1f0,b'U.S. Business Inventories Rise More Than Expected in January',None,2019-04-01,Business,"b'U.S. business inventories increased more than expected in January as sales rose moderately, and businesses were taking the longest time in nearly 1-1/2 years to clear shelves, a sign of slowing demand.'",Reuters,News,https://www.nytimes.com/reuters/2019/04/01/business/01reuters-usa-economy-inventories.html,304,[],[]
5cadd69549f0eacbf1f824b2,b'Reckitt Plays Down Indivior Risk to Infant Formula Business',None,2019-04-10,Business,"b'Reckitt Benckiser Group on Wednesday sought to play down any potential impact to its infant formula business from U.S. litigation against Indivior, which it used to own, saying the risk was theoretical and unlikely. '",Reuters,News,https://www.nytimes.com/reuters/2019/04/10/business/10reuters-indivior-stocks-reckitt-benc-grp.html,112,[],[]
5cb0306449f0eacbf1f8333d,b'Toshiba Shares Slump After Sale of U.S. LNG Business Canceled',None,2019-04-12,Business,"b'Toshiba Corp shares fell more than 5 percent on Friday after an agreement to offload its U.S. liquefied natural gas (LNG) business collapsed, a blow for the Japanese conglomerate which has been shedding assets to turn around its business.'",Reuters,News,https://www.nytimes.com/reuters/2019/04/12/business/11reuters-toshiba-lng-sale.html,398,[],[]
5cb0518c49f0eacbf1f833e2,b'Toshiba Shares Slump After Sale of U.S. LNG Business Canceled',None,2019-04-12,Business,"b'Toshiba Corp shares fell by the most in two months on Friday after an agreement to offload its U.S. liquefied natural gas (LNG) business collapsed, a blow for the Japanese company which has been shedding assets to turn around its business.'",Reuters,News,https://www.nytimes.com/reuters/2019/04/12/business/12reuters-toshiba-lng-sale.html,454,[],[]
5ca511f949f0eacbf1f80b03,"b'Small Businesses Add a Weak 6,000 Jobs in March, ADP Says'",None,2019-04-03,Business,"b'Small business hiring weakened further in March, a sign that owners are becoming more anxious about forecasts for a slower economy.'",AP,News,https://www.nytimes.com/aponline/2019/04/03/business/ap-us-smallbiz-hiring.html,350,[],[]
5ca33e7749f0eacbf1f80184,b'NordLB to Refrain From Ships Financing Business in the Future-Source',None,2019-04-02,Business,"b""Germany's NordLB will step out of ships financing business and will reduce activity in its airplanes financing business, a source familiar with the matter told Reuters on Tuesday.""",Reuters,News,https://www.nytimes.com/reuters/2019/04/02/business/02reuters-nordlb-recapitalisation.html,105,[],[]
5caccb4f49f0eacbf1f81ff2,"b'In Puerto Rico, Building a Disaster-Proof Business Is Part of Recovery'",SpecialSections,2019-04-09,Business,"b'After Hurricane Maria, start-ups on the island are trying to build companies that are resilient enough to withstand whatever comes next.'",The New York Times,News,https://www.nytimes.com/2019/04/09/business/puerto-rico-parallel18-hurricane-economy.html,1692,['Puerto Rico'],"['Hurricane Maria (2017)', 'Start-ups', 'Recession and Depression', 'Small Business', 'Entrepreneurship', 'Computers and the Internet']"
5ca5d37649f0eacbf1f80d45,"b""Japan's Nomura to Axe 100 London Jobs as Part of Business Overhaul""",None,2019-04-04,Business,"b""Japan's Nomura Holdings is to axe around 100 jobs in London as part of a restructuring of its global business, a source at the bank told Reuters on Thursday. """,Reuters,News,https://www.nytimes.com/reuters/2019/04/04/business/04reuters-nomura-hldgs-layoffs-london.html,133,[],[]
5ca46ab249f0eacbf1f80736,b'Euro Zone March Business Activity Stayed in the Doldrums: PMI',None,2019-04-03,Business,"b""Business activity across the euro zone was lethargic last month, according to a survey which suggested a downturn in manufacturing is gradually infecting the bloc's dominant services industry.""",Reuters,News,https://www.nytimes.com/reuters/2019/04/03/business/03reuters-eurozone-economy-pmi.html,411,[],[]
5cb033fe49f0eacbf1f83384,b'Danone Sells U.S. Organic Salad Business to Taylor Farms',None,2019-04-12,Business,"b'French food group Danone said on Friday it had signed a definitive agreement for the sale of Earthbound Farms, its U.S. organic salad business, to California-based Taylor Farms.'",Reuters,News,https://www.nytimes.com/reuters/2019/04/12/business/12reuters-danone-earthbound.html,91,[],[]
5c7bde4149f0eacbf105b1b5,b'Business Leaders Set the A.I. Agenda',SpecialSections,2019-03-03,Business,"b'Eighteen leaders offer answers to questions about issues of trust, retraining and the future of work.'",The New York Times,News,https://www.nytimes.com/2019/03/03/business/new-work-summit-questions.html,2015,[],"['Artificial Intelligence', 'Regulation and Deregulation of Industry']"
5caf3fee49f0eacbf1f82ca5,"b""'Confidence in Mexico': U.S. and Mexican Top Brass to Talk Business, Border""",None,2019-04-11,Business,"b""A meeting of U.S. and Mexican government and business leaders on Thursday aims to shore up investor confidence in Mexico and defuse U.S. President Donald Trump's threats to close their shared border if illegal immigration is not halted.""",Reuters,News,https://www.nytimes.com/reuters/2019/04/11/business/11reuters-mexico-usa-business.html,555,[],[]
5ca3918a49f0eacbf1f80324,"b""BlackRock's Larry Fink Overhauls Leadership Ranks in Key Business Units""",None,2019-04-02,Business,"b""BlackRock Inc, the world's largest asset manager, has made changes to its senior leadership ranks aimed at winning more business from top institutional clients and boosting growth of its alternative investing business, according to a memo seen by ...""",Reuters,News,https://www.nytimes.com/reuters/2019/04/02/business/02reuters-blackrock-executives.html,470,[],[]
5cb0314f49f0eacbf1f83355,"b'Uber Filing Lists Revenue Gains, Struggles of Food Business'",None,2019-04-12,Business,"b""Uber Technologies Inc's restaurant delivery business has grown revenue to $1.5 billion in just three years, the company disclosed in its IPO filing on Thursday, dwarfing the revenue of its profitable, and already public, rival Grubhub Inc.""",Reuters,News,https://www.nytimes.com/reuters/2019/04/12/business/12reuters-uber-ipo-ubereats.html,493,[],[]
5ca25d0f49f0eacbf1f7fdf8,b'Notable Deaths 2019: Business and Economics',Obituaries,2019-04-01,Obituaries,b'A memorial to those who lost their lives in 2019',The New York Times,Interactive Feature,https://www.nytimes.com/interactive/2019/obituaries/notable-deaths-business-economics.html,0,[],['Advertising and Marketing']
5ca70dca49f0eacbf1f81141,b'ADNOC Weighs Secondary Listing Overseas for Distribution Business-Sources',None,2019-04-05,Business,"b'Abu Dhabi National Oil Company (ADNOC) is considering a secondary listing for its subsidiary ADNOC Distribution overseas, three sources told Reuters.'",Reuters,News,https://www.nytimes.com/reuters/2019/04/05/business/05reuters-adnoc-listing.html,429,[],[]
5cada3e949f0eacbf1f823f8,"b""PageGroup's Quarterly Profit Grows on Strong Business in Britain, Germany""",None,2019-04-10,Business,b'Recruitment firm PageGroup Plc on Wednesday posted ',Reuters,News,https://www.nytimes.com/reuters/2019/04/10/business/10reuters-pagegroup-outlook.html,191,[],[]
5cacf14d49f0eacbf1f8208a,b'Deutsche Boerse Buys Axioma for $850 Million to Create Index Analytics Business',None,2019-04-09,Business,"b'Deutsche Boerse is buying risk management software provider Axioma for $850 million (&#163;652 million), the stock exchange operator said on Tuesday, and plans to merge the unit with its existing index business to create a new analytics firm.'",Reuters,News,https://www.nytimes.com/reuters/2019/04/09/business/09reuters-axioma-m-a-deutsche-boerse.html,132,[],[]
5ca7277b49f0eacbf1f811d3,b'A Business Trip Yields the Investment of a Lifetime',Society,2019-04-05,Fashion,b'The couple had their first date in Israel in May 2014. But it wasn\xe2\x80\x99t until their second date \xe2\x80\x94 months later in Italy \xe2\x80\x94 that their romance took off.',The New York Times,News,https://www.nytimes.com/2019/04/05/fashion/weddings/a-business-trip-yields-the-investment-of-a-lifetime.html,1825,['Israel'],"['Weddings and Engagements', 'Jews and Judaism']"
5c4ac7a93a125f5075c0641f,b'Businesses Are Taking Action After Brexit Warnings Go Unheeded',Business,2019-01-25,Business,b'Companies and trade groups had implored British leaders to give them reassurances and information. They say they can\xe2\x80\x99t wait any longer.',The New York Times,News,https://www.nytimes.com/2019/01/25/business/brexit-no-deal-airbus-uk.html,976,"['Great Britain', 'Europe']","['Great Britain Withdrawal from EU (Brexit)', 'Politics and Government', 'International Trade and World Market', 'Corporations']"
5ca1c15d49f0eacbf1f7b11a,"b""Brexit Is Wrecking Britain's Business Reputation-Siemens UK Head""",None,2019-04-01,Business,"b'Britain is wrecking its reputation for business stability with political divisions over Brexit and risks leaving the trading bloc with a hugely damaging ""no-deal"", the UK head of German industrial giant Siemens has said. '",Reuters,News,https://www.nytimes.com/reuters/2019/04/01/business/01reuters-britain-eu-siemens.html,220,[],[]
5ca3092249f0eacbf1f80074,"b'Outlook for UK Business Darkens Fast Ahead of Brexit, BCC Warns'",None,2019-04-02,Business,"b'Fading exports and worsening finances spurred a darker outlook for British companies last month, hurt by a slowing global economy and political chaos around Brexit, a survey showed on Tuesday.'",Reuters,News,https://www.nytimes.com/reuters/2019/04/02/business/02reuters-britain-economy-bcc.html,311,[],[]
5cac530149f0eacbf1f81c59,b'Euro Zone Banks Expect to Ease Business Loan Standards in Second-Quarter-ECB',None,2019-04-09,Business,"b'Euro zone banks expect to ease standards for business loans and consumer credit as competition remains fierce and demand slows in Italy and Spain, a European Central Bank survey showed on Tuesday.'",Reuters,News,https://www.nytimes.com/reuters/2019/04/09/business/09reuters-ecb-policy-lending.html,268,[],[]
5ca29aa049f0eacbf1f7fef6,"b'Outlook for UK Business Darkens Fast Ahead of Brexit, BCC Warns'",None,2019-04-01,Business,"b'Fading exports and worsening finances spurred a darker outlook for British companies last month, hurt by a slowing global economy and political chaos around Brexit, a survey showed on Tuesday.'",Reuters,News,https://www.nytimes.com/reuters/2019/04/01/business/01reuters-britain-economy-bcc.html,311,[],[]
5c3904973a125f5075c03fe6,b'U.K. Businesses Sound the Alarm While Planning for a No-Deal Brexit',Business,2019-01-11,Business,b'Carmakers say they will idle their factories to ward off supply chain problems and the police have advised retailers to increase their security.',The New York Times,News,https://www.nytimes.com/2019/01/11/business/no-deal-brexit-business.html,787,['Great Britain'],"['Great Britain Withdrawal from EU (Brexit)', 'Factories and Manufacturing']"
5ca8599049f0eacbf1f814d3,b'SAP Cloud Business Head Quits After 27 Years in Latest Top Departure',None,2019-04-06,Business,"b""Software company SAP said the head of its cloud business group had quit, the latest in a string of top departures as Europe's most valuable technology company reshapes its operations.""",Reuters,News,https://www.nytimes.com/reuters/2019/04/06/business/06reuters-sap-restructuring.html,390,[],[]
5c9e64f749f0eacbf105fceb,"b'Linda McMahon, Small Business Administrator, Resigns From Cabinet'",Washington,2019-03-29,U.S.,"b'Ms. McMahon, who was one of five women in President Trump\xe2\x80\x99s cabinet and the former chief executive of World Wrestling Entertainment, avoided the kinds of scandals that many of her colleagues endured.'",The New York Times,News,https://www.nytimes.com/2019/03/29/us/politics/linda-mcmahon-small-business-trump.html,441,[],"['Small Business', 'Appointments and Executive Changes', 'Wrestling']"
5ca8ea9249f0eacbf1f815c3,"b'The Week in Business: Mexican Border Drama, and Trump Butts Heads With the Fed'",SundayBusiness,2019-04-06,Business,"b'Plus, the latest news on Boeing\xe2\x80\x99s plane troubles, and more Brexit angst.'",The New York Times,News,https://www.nytimes.com/2019/04/06/business/the-week-in-business-mexican-border-trump-fed-boeing-brexit.html,903,[],"['Data-Mining and Database Marketing', 'Aviation Accidents, Safety and Disasters', 'United States Economy', 'Immigration and Emigration', 'Boeing 737 Max Groundings and Safety Concerns (2019)', 'Great Britain Withdrawal from EU (Brexit)', 'Securities and Commodities Violations', 'International Trade and World Market']"
5ca6273649f0eacbf1f80e88,b'ADNOC Weighs Secondary Listing Overseas for Distribution Business: Sources',None,2019-04-04,Business,"b'Abu Dhabi National Oil Company (ADNOC) is considering a secondary listing for its subsidiary ADNOC Distribution overseas, three sources told Reuters.'",Reuters,News,https://www.nytimes.com/reuters/2019/04/04/business/04reuters-adnoc-listing.html,391,[],[]
5cb0530b49f0eacbf1f833fd,b'Exclusive: Toyota Sees New Business Opportunity in Leveraging Hybrid Tech',None,2019-04-12,Business,"b""The head of Toyota Motor Corp's electric vehicle (EV) business told Reuters the automaker has received enquiries from more than 50 companies since announcing last week that it would offer free access to patents for EV motors and power control unit...""",Reuters,News,https://www.nytimes.com/reuters/2019/04/12/business/12reuters-toyota-hybrid-exclusive.html,800,[],[]
5cb0523349f0eacbf1f833ea,b'Santander Seeks Full Ownership of Mexican Business With $2.9 Billion Deal',None,2019-04-12,Business,b'Santander has offered to take full control of its Mexican business through a 2.6 billion euro (&#163;2.3 billion) all-share deal as the Spanish bank chases potentially higher returns available from Latin America.',Reuters,News,https://www.nytimes.com/reuters/2019/04/12/business/12reuters-santander-mexico-offer.html,793,[],[]
5ca1589749f0eacbf1f7b075,"b""Japan's Business Confidence Hits Two-Year Low as Trade War Stings""",None,2019-04-01,Business,"b""Japan's business mood slumped to a two-year low in the March quarter, a central bank survey showed, underscoring concerns that Sino-U.S. trade tensions and softening global demand were taking a toll on the export-reliant economy.""",Reuters,News,https://www.nytimes.com/reuters/2019/03/31/business/31reuters-japan-economy-tankan.html,644,[],[]
5ca192f249f0eacbf1f7b0c9,"b""Japan's Business Confidence Hits Two-Year Low as Trade War Stings""",None,2019-04-01,Business,"b""Japan's business mood slumped to a two-year low in the March quarter, a central bank survey showed, underscoring concerns that Sino-U.S. trade tensions and softening global demand were taking a toll on the export-reliant economy.""",Reuters,News,https://www.nytimes.com/reuters/2019/04/01/business/01reuters-japan-economy-tankan.html,697,[],[]
5ca231ce49f0eacbf1f7b220,"b""4 Dead in 'Multiple Homicide' at North Dakota Business""",None,2019-04-01,U.S.,"b'Four people were found dead Monday in what police called a ""multiple homicide"" at a North Dakota property-management business.'",AP,News,https://www.nytimes.com/aponline/2019/04/01/us/ap-us-north-dakota-bodies.html,615,[],[]
5c8d336649f0eacbf105d721,b'The Week in Business: Boeing\xe2\x80\x99s Big Mess and Brexit\xe2\x80\x99s Next Steps',SundayBusiness,2019-03-16,Business,"b'Plus, Facebook sheds two top executives and gains a criminal investigation.'",The New York Times,News,https://www.nytimes.com/2019/03/16/business/the-week-in-business-boeing-brexit-facebook.html,753,[],"['Presidential Election of 2020', 'Aviation Accidents, Safety and Disasters', 'Computers and the Internet', 'Gun Control', 'Social Media', 'Admissions Standards', 'Regulation and Deregulation of Industry', 'Boeing 737 Max Groundings and Safety Concerns (2019)']"
5cacbdf649f0eacbf1f81db2,b'Exclusive: Ford Likely to End Independent India Business With New Mahindra Deal-Sources',None,2019-04-09,Business,"b'Ford Motor Co is nearing a deal with Mahindra &amp; Mahindra to form a new joint-venture company in India, a move that will likely see the U.S. automaker cease independent operations in the country, two sources with direct knowledge of the talks t...'",Reuters,News,https://www.nytimes.com/reuters/2019/04/09/business/09reuters-ford-india-mahindra-exclusive.html,696,[],[]
5c9f9dae49f0eacbf187681d,"b'The Week in Business: The Sackler Family Gets Sued, and Theresa May\xe2\x80\x99s Darkest Hour'",SundayBusiness,2019-03-30,Business,"b'Plus, Apple makes TV shows now, and China trade talks pick up steam.'",The New York Times,News,https://www.nytimes.com/2019/03/30/business/the-week-in-business-sackler-opioid-brexit-boeing-apple.html,854,"['Beijing (China)', 'Europe', 'Great Britain', 'New York State', 'New Zealand']","['Airlines and Airplanes', 'Aviation Accidents, Safety and Disasters', 'Boeing 737 Max Groundings and Safety Concerns (2019)', 'Car Services and Livery Cabs', 'Christchurch, New Zealand, Attack (March 2019)', 'Opioids and Opiates', 'Web-Original Programming', 'International Trade and World Market', 'Drugs (Pharmaceuticals)', 'Space and Astronomy']"
5c5ac2603a125f5075c0843e,b'DealBook Briefing: What the State of the Union Means for Business',Business,2019-02-06,Business,"b'President Trump defended his economic record, and was eager to keep up pressure on China.'",The New York Times,News,https://www.nytimes.com/2019/02/06/business/dealbook/state-of-the-union-business.html,2028,[],"['United States Economy', 'United States Politics and Government', 'State of the Union Message (US)']"
5ca4c77349f0eacbf1f8093c,b'North Dakota Business Where 4 Found Slain Reopens',None,2019-04-03,U.S.,"b""A North Dakota business where an owner and three employees were found slain this week reopened with a police presence on Wednesday, though authorities still haven't said how they were killed.""",AP,News,https://www.nytimes.com/aponline/2019/04/03/us/ap-us-north-dakota-bodies.html,337,[],[]
5c77cc2049f0eacbf105aa07,b'DealBook Briefing: Cohen Trashes Trump\xe2\x80\x99s Business Image',Business,2019-02-28,Business,b'Testimony from the president\xe2\x80\x99s former personal lawyer painted an unflattering picture of how the Trump Organization has been operated.',The New York Times,News,https://www.nytimes.com/2019/02/28/business/dealbook/cohen-trump-business.html,2030,[],['United States Politics and Government']
5c954e2649f0eacbf105e949,"b'The Week in Business: Boeing Plays It Safe, and Lyft Kicks Off Tech I.P.O.s'",SundayBusiness,2019-03-22,Business,"b'Here\xe2\x80\x99s your weekly smorgasbord of all the tech and business news you missed, plus what you should know heading into Monday.'",The New York Times,News,https://www.nytimes.com/2019/03/22/business/boeing-lyft.html,764,['China'],"['Stocks and Bonds', 'Great Britain Withdrawal from EU (Brexit)', 'Initial Public Offerings']"
5ca4d58749f0eacbf1f809a3,"b'Burned Out Business Owners Learn to Relax, Delegate, Say No'",None,2019-04-03,U.S.,"b'Candace Barr showed all the signs: She was exhausted, stressed out and ""starting to resent my clients.""'",AP,News,https://www.nytimes.com/aponline/2019/04/03/us/ap-us-smallbiz-small-talk-burnout.html,872,[],[]
5ca3732349f0eacbf1f80273,"b'Police: Business Owner, 3 Employees Killed in North Dakota'",None,2019-04-02,U.S.,"b""Police on Tuesday identified the owner of a North Dakota property management business and three employees as the people whose bodies were found there a day earlier, and said authorities don't yet know who killed them.""",AP,News,https://www.nytimes.com/aponline/2019/04/02/us/ap-us-north-dakota-bodies.html,682,[],[]
5c7ae1f249f0eacbf105b0bb,"b'The Week in Business: Trump\xe2\x80\x99s Money Man Talks, and a New Spacecraft Blasts Off'",SundayBusiness,2019-03-02,Business,"b'Plus, Gap breaks up with Old Navy, and artwork that can think for itself.'",The New York Times,News,https://www.nytimes.com/2019/03/02/business/the-week-in-business-trump-money-spacecraft-gap.html,879,[],"['Russian Interference in 2016 US Elections and Ties to Trump Associates', 'Space and Astronomy', 'Art', 'Atlantis (Space Shuttle)', 'International Trade and World Market', 'Shopping and Retail', 'Securities and Commodities Violations', 'Artificial Intelligence']"
5c83faf449f0eacbf105c38b,"b'The Week in Business: Facebook Wants to Be Your \xe2\x80\x98Digital Living Room,\xe2\x80\x99 and Tesla to Unveil the Model Y'",SundayBusiness,2019-03-09,Business,"b'Plus, disappointing job numbers, Mario Batali is officially out of the restaurant business and Brexit approaches peak mayhem.'",The New York Times,News,https://www.nytimes.com/2019/03/09/business/the-week-in-business-facebook-tesla-jobs.html,844,[],"['Labor and Jobs', 'Budgets and Budgeting', 'Banking and Financial Institutions', 'Driverless and Semiautonomous Vehicles', '#MeToo Movement', 'Social Media', 'Referendums', 'Great Britain Withdrawal from EU (Brexit)']"
5c76f61b49f0eacbf105a80f,b'The Flower Disrupter',Styles,2019-02-27,Fashion,"b'Fashion\xe2\x80\x99s favorite florist learned her trade at Tom Ford, watching all the bouquets go by.'",The New York Times,News,https://www.nytimes.com/2019/02/27/fashion/florist-flowerbx-london.html,1190,"['London (England)', 'Paris (France)']","['Florists', 'Flowers and Plants', 'Paris Fashion Week', 'Fashion and Apparel', 'your-feed-fashion']"
5c7073443a125f5075c0b195,b'Cohen Gave Prosecutors New Information on the Trump Family Business',Investigative,2019-02-22,U.S.,"b'President Trump\xe2\x80\x99s former lawyer, Michael D. Cohen, discussed possible irregularities at the Trump Organization. He wants a reduced prison sentence.'",The New York Times,News,https://www.nytimes.com/2019/02/22/us/politics/michael-cohen-prosecutors-trump-organization.html,1099,[],"['United States Politics and Government', 'Inaugurations', 'Russian Interference in 2016 US Elections and Ties to Trump Associates', 'Tax Evasion', 'Special Prosecutors (Independent Counsel)', 'Adultery', 'Campaign Finance']"
5ca3d2cb49f0eacbf1f804e1,b'Texas Senate OKs Religious Refusal Bill Panned by Businesses',None,2019-04-02,U.S.,"b'The Texas Senate has preliminarily approved a bill allowing social workers, attorneys and others with state-issued licenses to deny services because of religious beliefs &#8212; despite stiff opposition from top businesses.'",AP,News,https://www.nytimes.com/aponline/2019/04/02/us/ap-us-xgr-lgbt-rights-texas.html,133,[],[]
5c55d20f3a125f5075c07b80,b'Chamber of Commerce Decides Bipartisanship Is Good Business',Washington,2019-02-02,U.S.,b'The U.S. Chamber of Commerce revamps its political scoring system as frustrated business groups try to foster more across-the-aisle solutions.',The New York Times,News,https://www.nytimes.com/2019/02/02/us/politics/chamber-of-commerce-bipartisanship.html,1099,[],"['United States Politics and Government', 'Shutdowns (Institutional)', 'Immigration and Emigration']"
5ca6f46349f0eacbf1f81106,"b'LG Elec Sees Lower Profit as Mobile Business Stays in Red, Shares Slip'",None,2019-04-05,Arts,"b""LG Electronics Inc's operating profit likely fell by a smaller-than-expected 19 percent in the first quarter, even as losses in its mobile business and rising competition in the television segment pushed its revenue down to below consensus.""",Reuters,News,https://www.nytimes.com/reuters/2019/04/05/arts/05reuters-lg-elec-results.html,350,[],[]
5c80ec0649f0eacbf105bcc6,b'Powerful Floods Are Wrecking Businesses. Including Mine.',SundayBusiness,2019-03-07,Business,"b'Many local companies, including our historic movie theater, are facing recovery with no flood insurance.'",The New York Times,News,https://www.nytimes.com/2019/03/07/business/russian-river-flooding.html,18,['California'],"['Floods', 'Insurance', 'Small Business', 'Global Warming']"
5c60129b3a125f5075c08f05,"b'The Week in Business: Jeff Bezos\xe2\x80\x99 Private Texts, and More \xe2\x80\x98Fog\xe2\x80\x99 in London'",SundayBusiness,2019-02-10,Business,"b'Plus, predatory lenders get a boost, and President Trump won\xe2\x80\x99t meet with his counterpart in China \xe2\x80\x94 yet.'",The New York Times,News,https://www.nytimes.com/2019/02/10/business/the-week-in-business-jeff-bezos-brexit-trade.html,952,[],"['United States Politics and Government', 'International Trade and World Market', 'United States Economy', 'Personal Finances', ""Valentine's Day""]"
5c946ce749f0eacbf105e691,"b'Tiaras, for a Ball or Business Meeting'",SpecialSections,2019-03-22,Fashion,"b'The French house Chaumet had a customer order a jeweled headpiece to wear at sales meetings, \xe2\x80\x9clike an empress,\xe2\x80\x9d its chief executive said.'",International New York Times,News,https://www.nytimes.com/2019/03/22/fashion/jewelry-tiara-chaumet-paris.html,1013,['Paris (France)'],"['Jewels and Jewelry', 'your-feed-fashion']"
5cadf79e49f0eacbf1f8255d,b'Czech Small Business Lobby Leader Havlicek Nominated as Industry Minister',None,2019-04-10,World,"b'Czech Prime Minister Andrej Babis said on Wednesday he had proposed Karel Havlicek, the head of a small business association and deputy chief of government science and research council, as the new industry minister.'",Reuters,News,https://www.nytimes.com/reuters/2019/04/10/world/europe/10reuters-czech-government-industry-havlicek.html,123,[],[]
5c880f2c49f0eacbf105cb35,"b'Review: In \xe2\x80\x98Nylon,\xe2\x80\x99 Unfinished Business After the Breakup'",Weekend,2019-03-12,Theater,b'The decision to give up a baby years ago resurfaces for a couple in Sofia Alvarez\xe2\x80\x99s play at Theaterlab.',The New York Times,Review,https://www.nytimes.com/2019/03/12/theater/nylon-review.html,522,[],['Theater']
5cac74d349f0eacbf1f81cdc,"b'In New York, Confusion Reigns in the Emerging CBD Edibles Business'",None,2019-04-09,U.S.,"b""New York state officials told food growers and processors in mid-December that they had the state's blessing to produce and sell tea and chocolates laced with CBD, the cannabis derivative reputed to ease anxiety and other ills without marijuana's ...""",Reuters,News,https://www.nytimes.com/reuters/2019/04/09/us/09reuters-usa-cbd.html,834,[],[]
5c901d5749f0eacbf105dbc4,b'A Mar-a-Lago Weekend and an Act of God: Trump\xe2\x80\x99s History With Deutsche Bank',Business,2019-03-18,Business,"b'Deutsche Bank\xe2\x80\x99s hunger for profits and risk led it to lend Donald Trump more than $2 billion. Once he was elected president, employees were told not to utter his name.'",The New York Times,News,https://www.nytimes.com/2019/03/18/business/trump-deutsche-bank.html,3816,['Manhattan (NYC)'],"['Banking and Financial Institutions', 'Real Estate (Commercial)', 'United States Politics and Government', 'Presidential Election of 2016', 'Credit and Debt']"
5cac6f6f49f0eacbf1f81cc2,"b'In New York, Confusion Reigns in the Emerging CBD Edibles Business'",None,2019-04-09,U.S.,"b""New York state officials told food growers and processors in mid-December that they had the state's blessing to produce and sell tea and chocolates laced with CBD, the cannabis derivative reputed to ease anxiety and other ills without marijuana's ...""",Reuters,News,https://www.nytimes.com/reuters/2019/04/09/us/09reuters-usa-cbd-feature.html,834,[],[]
5c9a546c49f0eacbf105f218,"b'The World on a Plate, and the Business Behind It'",Dining,2019-03-26,Food,"b'In the footsteps of Anthony Bourdain, companies big and small are steering travelers to out-of-the-way eating experiences, while trying not to trample on food traditions.'",The New York Times,News,https://www.nytimes.com/2019/03/26/dining/food-tours.html,1844,[],"['Travel and Vacations', 'Food', 'Restaurants', 'Cruises']"
5caff27f49f0eacbf1f832ac,b'Quotation of the Day: Prosecutors Say Avenatti Stole From His Clients and Lied About His Business',Summary,2019-04-12,Todayâ€™s Paper,"b'Quotation of the Day for Friday, April 12, 2019.'",The New York Times,Quote,https://www.nytimes.com/2019/04/11/todayspaper/quotation-of-the-day-prosecutors-say-avenatti-stole-from-his-clients-and-lied-about-his-business.html,44,[],[]
5c79030749f0eacbf105ad47,b'The Boss? You\xe2\x80\x99re Looking at Her: 7 Women in the Building Business',RealEstate,2019-03-01,Real Estate,"b'In the male-dominated real estate universe, the hard hat can be a hard hat to wear.'",The New York Times,News,https://www.nytimes.com/2019/03/01/realestate/the-boss-youre-looking-at-her-7-women-in-the-building-business.html,2895,[],"['Real Estate and Housing (Residential)', 'Real Estate (Commercial)', 'Women and Girls']"
5c3f0eb53a125f5075c04ad3,b'Impartial Coverage: As Good for Business as It Is for Journalism',Insider,2019-01-16,Reader Center,"b'When Adolph S. Ochs bought The New York Times in 1896, there were not many newspapers readers could trust.'",The New York Times,News,https://www.nytimes.com/2019/01/16/reader-center/impartial-news-coverage-history.html,751,[],"['Newspapers', 'Spanish-American War (1898)']"
5c6c823e3a125f5075c0a7c8,"b'Karl Lagerfeld Is Remembered by Designers, Celebrities and Business Titans'",Styles,2019-02-19,Fashion,b'The inimitable designer behind Chanel and Fendi died on Tuesday.',The New York Times,News,https://www.nytimes.com/2019/02/19/fashion/remembering-karl-lagerfeld.html,464,['Paris (France)'],"['Fashion and Apparel', 'Social Media', 'Celebrities', 'your-feed-fashion']"
5c4509143a125f5075c056bc,"b'In Business and Governing, Trump Seeks Victory in Chaos'",Investigative,2019-01-20,U.S.,"b'For people who have done business with the president, the protracted fight over the government shutdown reflects a time-tested playbook.'",The New York Times,News Analysis,https://www.nytimes.com/2019/01/20/us/donald-trump-leadership-style.html,2033,[],"['United States Politics and Government', 'Shutdowns (Institutional)']"
5c8bc4c049f0eacbf105d49f,"b'A Mass Murder of, and for, the Internet'",Business,2019-03-15,Business,b'The terrorist attack in New Zealand is shocking on every level \xe2\x80\x94 and feels like a first for how unmistakably online it was.',The New York Times,News,https://www.nytimes.com/2019/03/15/technology/facebook-youtube-christchurch-shooting.html,1025,['Christchurch (New Zealand)'],"['Christchurch, New Zealand, Attack (March 2019)', 'Terrorism', 'Social Media', 'Murders, Attempted Murders and Homicides', 'Hate Crimes', 'Fringe Groups and Movements']"
5c8cbb7049f0eacbf105d69e,b'Wall Street Has Been Unscathed by MeToo. Until Now.',SundayBusiness,2019-03-16,Business,b'Sara Tirschwell alleges her boss pressured her into sex. He denies it. Now discovery is underway on her $30 million lawsuit.',The New York Times,News,https://www.nytimes.com/2019/03/16/business/metoo-wall-street-tcw-tirschwell-ravich.html,3289,[],"['#MeToo Movement', 'Sexual Harassment', 'Banking and Financial Institutions', 'Suits and Litigation (Civil)']"
5c508a473a125f5075c06eb2,"b'In France, Comic Books Are Serious Business'",Culture,2019-01-29,Books,"b'At the Angoul\xc3\xaame International Comics Festival, there was a sense that the best days for comic books may be yet to come \xe2\x80\x94 in the French-speaking world, at least.'",The New York Times,News,https://www.nytimes.com/2019/01/29/books/france-comic-books-angouleme.html,987,"['France', 'Belgium']","['Comic Books and Strips', 'Cartoons and Cartoonists', 'Book Trade and Publishing']"
5c3a42603a125f5075c04178,"b'The Week in Business: CBS News Gets Its First Female President, and Theranos Goes Back to Court'",Business,2019-01-12,Business,"b'Government shutdown fallout is hitting airports hard \xe2\x80\x94 also, your grocery store. And European officials are scrambling for a Brexit backup plan.'",The New York Times,News,https://www.nytimes.com/2019/01/12/business/the-week-in-business.html,868,[],"['Great Britain Withdrawal from EU (Brexit)', 'Banking and Financial Institutions', 'Shutdowns (Institutional)']"
5c89273d49f0eacbf105cd85,b'House Democrats Target Ivanka Trump (but Through a Side Door)',Washington,2019-03-13,U.S.,"b'Ivanka Trump wasn\xe2\x80\x99t one of the 81 targets who received a document request from the House Judiciary Committee, but 52 of those letters did seek information on the first daughter.'",The New York Times,News,https://www.nytimes.com/2019/03/13/us/politics/ivanka-trump-emoluments-businesses.html,775,[],"['Conflicts of Interest', 'United States Politics and Government', 'Gifts to Public Officials', 'Constitution (US)']"
5c8275bb49f0eacbf105c0e5,b'The Week in Tech: Facebook\xe2\x80\x99s Privacy Pivot (Business Model Not Included)',Business,2019-03-08,Technology,b'The social network has laid out plans for making a shift toward private messaging. Less clear is how it will turn a profit from it.',The New York Times,News,https://www.nytimes.com/2019/03/08/technology/facebook-privacy-pivot.html,1125,[],"['Computers and the Internet', 'Antitrust Laws and Competition Issues', 'Social Media', 'Traffic Accidents and Safety', 'Driverless and Semiautonomous Vehicles', 'Privacy', 'Terrorism', 'Instant Messaging', 'Glass-Steagall Act (1933)']"
5c59428a3a125f5075c08093,"b'A School Board Says No to Big Oil, and Alarms Sound in Business-Friendly Louisiana'",Business,2019-02-05,U.S.,"b'Given new veto power over the tax breaks the state lavishes on industry, local officials are starting to say their budget needs come first. Business leaders are aghast.'",The New York Times,News,https://www.nytimes.com/2019/02/05/us/louisiana-itep-exxon-mobil.html,1377,"['Baton Rouge (La)', 'Louisiana']","['Tax Credits, Deductions and Exemptions', 'Corporate Taxes', 'Budgets and Budgeting', 'Local Government']"
5c8bc63549f0eacbf105d4a1,b'You Never Know When a Recession Will Sneak Up on You',SundayBusiness,2019-03-15,Business,"b'Trade wars, budget showdowns or anything else that scares people can spiral into a recession, the economist Austan Goolsbee says. It\xe2\x80\x99s happened before.'",The New York Times,News,https://www.nytimes.com/2019/03/15/business/recession-shutdown-trade-war.html,1047,"['China', 'United States']","['United States Economy', 'Recession and Depression', 'International Trade and World Market', 'Politics and Government', 'Gross Domestic Product', 'Labor and Jobs']"
5c6588b53a125f5075c09b76,b'Beware the Brexit Monster: Dutch Businesses Get a Furry Blue Warning',Foreign,2019-02-14,World,b'The Netherlands created the mascot as part of a set of business resources to avoid having \xe2\x80\x9cBrexit get in your way.\xe2\x80\x9d',The New York Times,News,https://www.nytimes.com/2019/02/14/world/europe/dutch-brexit-blue-monster.html,599,"['Great Britain', 'Netherlands']","['Great Britain Withdrawal from EU (Brexit)', 'Relocation of Business']"
5c33bde23a125f5075c0339b,b'SoftBank Bets Big on WeWork. Again.',Business,2019-01-07,Business,"b'The Japanese telecom group is putting $2 billion more into the co-working start-up, bringing its total investment to $10.5 billion.'",The New York Times,News,https://www.nytimes.com/2019/01/07/business/softbank-wework.html,813,[],"['Start-ups', 'Co-Working', 'Venture Capital']"
5c4b8d963a125f5075c0667f,b'The Hidden Automation Agenda of the Davos Elite',Business,2019-01-25,Technology,"b'In public, executives wring their hands over automation\xe2\x80\x99s negative consequences for workers. In private, they talk about how they are racing to automate.'",The New York Times,News,https://www.nytimes.com/2019/01/25/technology/automation-davos-world-economic-forum.html,1215,[],"['Layoffs and Job Reductions', 'Productivity', 'Artificial Intelligence', 'Income Inequality', 'Robots and Robotics']"
5c7ed4e049f0eacbf105b7b6,b'Trump Organization\xe2\x80\x99s Insurance Policies Under Scrutiny in New York',Metro,2019-03-05,New York,"b'Aon, one of the world\xe2\x80\x99s largest insurance brokerages, was served a subpoena late Monday, the first step in an investigation of policies involving President Trump\xe2\x80\x99s family business.'",The New York Times,News,https://www.nytimes.com/2019/03/05/nyregion/trump-aon-risk-services-subpoena.html,936,['New York State'],['United States Politics and Government']
5c5b14b53a125f5075c0853c,"b'After Uproar, Instacart Backs Off Controversial Tipping Policy'",Business,2019-02-06,Technology,b'The delivery app\xe2\x80\x99s practice of counting tips toward guaranteed minimum payments for its contract workers drew accusations of wage theft.',The New York Times,News,https://www.nytimes.com/2019/02/06/technology/instacart-doordash-tipping-deliveries.html,1160,[],"['Tips and Tipping', 'Delivery Services', 'Wages and Salaries', 'Labor and Jobs', 'Workplace Hazards and Violations', 'Mobile Commerce and Payments', 'Shopping and Retail', 'Freelancing, Self-Employment and Independent Contracting', 'Minimum Wage']"
5caf107e49f0eacbf1f82a7e,b'You\xe2\x80\x99re a Widow. Now What?',SundayBusiness,2019-04-11,Business,"b'When a spouse dies, women (and it\xe2\x80\x99s usually women) are often faced with a daunting list of financial chores that they\xe2\x80\x99ve never tackled before. Here\xe2\x80\x99s how to cope.'",The New York Times,News,https://www.nytimes.com/2019/04/11/business/widows-financial-planning-retirement.html,1577,[],"['Widows and Widowers', 'Personal Finances', 'Grief (Emotion)']"
5c93c3bc49f0eacbf105e4f3,"b'Jared Kushner and Ivanka Trump Use Private Accounts for Official Business, Their Lawyer Says'",Washington,2019-03-21,U.S.,"b'Mr. Kushner and Ms. Trump\xe2\x80\x99s use of private email accounts and an unofficial messaging service could violate federal records laws, a House committee chairman said.'",The New York Times,News,https://www.nytimes.com/2019/03/21/us/politics/jared-kushner-whatsapp.html,1114,[],"['Classified Information and State Secrets', 'E-Mail', 'Instant Messaging', 'United States Politics and Government', 'Ethics and Official Misconduct']"
5c53596d3a125f5075c0763b,b'3 Arrested in Crackdown on Multimillion-Dollar \xe2\x80\x98Birth Tourism\xe2\x80\x99 Businesses',National,2019-01-31,U.S.,"b'Some Chinese couples were charged as much as $100,000 for a birth-tourism package that included housing, nannies and shopping at Gucci, according to the indictments.'",The New York Times,News,https://www.nytimes.com/2019/01/31/us/anchor-baby-birth-tourism.html,1457,"['China', 'California', 'Los Angeles (Calif)']","['Citizenship and Naturalization', 'Pregnancy and Childbirth', 'Travel and Vacations', 'Immigration and Emigration', 'Chinese-Americans', 'Visas', 'Fourteenth Amendment (US Constitution)']"
5ca87e1c49f0eacbf1f81512,"b'Saudi Aramco to Offer $16 Billion in Contracts to Small, Medium Businesses: Arabiya'",None,2019-04-06,World,"b'Saudi Aramco will offer 140 contracts worth 60 billion riyals ($16 billion) to small and medium-sized enterprises (SMEs) in the kingdom, the Al Arabiya TV website reported on Saturday.'",Reuters,News,https://www.nytimes.com/reuters/2019/04/06/world/middleeast/06reuters-saudi-aramco-economy.html,76,[],[]
5c539b233a125f5075c07706,"b'Amazon\xe2\x80\x99s Sales Growth Slows, Even as Cloud Business Stays Hot'",Business,2019-02-01,Technology,"b'The company is compensating for slowing growth in e-commerce by expanding its fast-moving, highly profitable cloud and advertising businesses.'",The New York Times,News,https://www.nytimes.com/2019/01/31/technology/amazon-earnings-sales-cloud.html,813,[],"['Company Reports', 'E-Commerce', 'Cloud Computing', 'Advertising and Marketing']"
5c44a9413a125f5075c05639,b'Amazon Knows What You Buy. And It\xe2\x80\x99s Building a Big Ad Business From It.',Business,2019-01-20,Technology,b'The online retail giant is taking advantage of what it knows better than anyone: consumers\xe2\x80\x99 online shopping habits.',The New York Times,News,https://www.nytimes.com/2019/01/20/technology/amazon-ads-advertising.html,1262,[],"['Computers and the Internet', 'E-Commerce', 'Online Advertising', 'Consumer Behavior', 'Data-Mining and Database Marketing', 'Advertising and Marketing', 'Shopping and Retail']"
5c49ee7e3a125f5075c061e2,b'\xe2\x80\x98Businesses Will Not Be Able to Hide\xe2\x80\x99: Spy Satellites May Give Edge From Above',Business,2019-01-24,Technology,"b'With 2,200 observation satellites going into orbit in the next decade, start-ups are trying to use them to churn out financially useful information that could help companies track their rivals.'",The New York Times,News,https://www.nytimes.com/2019/01/24/technology/satellites-artificial-intelligence.html,1232,['Guangdong Province (China)'],"['Satellites', 'International Trade and World Market', 'Economic Conditions and Trends', 'Start-ups', 'Cameras', 'Artificial Intelligence']"
5c5d8bbf3a125f5075c08b6b,b'The Week in Tech: Business Is Booming Despite Backlash',Business,2019-02-08,Technology,"b'Global criticism of the tech industry hasn\xe2\x80\x99t had an impact on the bottom line \xe2\x80\x94 at least not yet, writes Kate Conger.'",The New York Times,News,https://www.nytimes.com/2019/02/08/technology/the-week-in-tech-business-is-booming-despite-backlash.html,881,"['China', 'Germany', 'North Pole']","['Computers and the Internet', 'Delivery Services', 'Social Media', 'News and News Media', 'Fines (Penalties)', 'Company Reports', 'Artificial Intelligence', 'Antitrust Laws and Competition Issues']"
5c58cdcb3a125f5075c07fe7,"b'Alphabet Is in a Tumultuous Time, but the Business Keeps Booming'",Business,2019-02-04,Technology,"b'Google\xe2\x80\x99s parent company, fueled by searches on mobile devices and YouTube\xe2\x80\x99s popularity, continues to have strong financial results.'",The New York Times,News,https://www.nytimes.com/2019/02/04/technology/alpahbet-quarterly-earnings.html,594,[],"['Company Reports', 'Online Advertising', 'Computers and the Internet', 'Search Engines', 'Smartphones', 'Artificial Intelligence']"
5c3f00a83a125f5075c04aab,b'Veterans of the News Business Are Now Fighting Fakes',Business,2019-01-16,Business,"b'After raising $6 million, the start-up NewsGuard, co-founded by Steve Brill, has signed Microsoft as its first major client. The main goal: to combat the spread of false stories on the internet.'",The New York Times,News,https://www.nytimes.com/2019/01/16/business/media/media-steve-brill-fake-news.html,712,[],"['News and News Media', 'Rumors and Misinformation', 'Computers and the Internet', 'Social Media', 'Advertising and Marketing']"
5caf59cc49f0eacbf1f82d19,b'Michael Avenatti Faces New Criminal Charges in Escalated Federal Case',Express,2019-04-11,U.S.,"b'Already facing fraud and extortion charges, he was accused in California this week of 36 counts that would carry a maximum of 333 years in prison.'",The New York Times,News,https://www.nytimes.com/2019/04/11/us/avenatti-indictment.html,1116,['California'],"['Frauds and Swindling', 'Tax Evasion', 'Embezzlement', 'Adultery', 'United States Politics and Government']"
5c87cdda49f0eacbf105ca25,"b'Actresses, Business Leaders and Other Wealthy Parents Charged in U.S. College Entry Fraud'",National,2019-03-12,U.S.,b'A sprawling federal investigation accuses 50 people of involvement in a scheme to get undeserving students into major American universities.',The New York Times,News,https://www.nytimes.com/2019/03/12/us/college-admissions-cheating-scandal.html,1805,[],"['College Admissions Scandal (2019)', 'Colleges and Universities', 'Admissions Standards', 'Cheating', 'Bribery and Kickbacks', 'Frauds and Swindling']"
5c498ca63a125f5075c060b0,"b'For Journalists, Covering the Shutdown Is Business as Usual (Kind Of)'",Insider,2019-01-24,Reader Center,b'The strangest thing about being a White House reporter during the government shutdown is how much time President Trump is actually spending in the West Wing.',The New York Times,News,https://www.nytimes.com/2019/01/24/reader-center/shutdown-journalists-government-coverage.html,1033,[],"['Shutdowns (Institutional)', 'United States Politics and Government', 'White House Building (Washington, DC)']"
5c38ed713a125f5075c03fac,"b'Kit Keenan, Daughter of Cynthia Rowley, Starts Her Own Fashion Line'",Styles,2019-01-11,Fashion,"b'The brand, KIT, includes affordable wardrobe staples like hoodies, T-shirts and a little black dres.'",The New York Times,News,https://www.nytimes.com/2019/01/11/fashion/kit-keenan-cynthia-rowley-daughter-designer.html,483,[],['Fashion and Apparel']
5cae559249f0eacbf1f82792,b'Cardi B\xe2\x80\x99s Tips for Making \xe2\x80\x98Money Moves\xe2\x80\x99',Styles,2019-04-10,Style,"b'The rapper talked to Moj Mahdara, the C.E.O. of Beautycon, about financial literacy and how more women in beauty can \xe2\x80\x9cchase the bag.\xe2\x80\x9d'",The New York Times,News,https://www.nytimes.com/2019/04/10/style/self-care/cardi-b-beautycon.html,974,[],[]
5c98176049f0eacbf105ecfb,"b'At the 737 Max Factory, Pilots Simulate New Boeing Software'",Business,2019-03-24,Business,"b'Pilots from five airlines gathered in Renton, Wash., on Saturday to review proposed changes to the software of the 737 Max, two of which have crashed.'",The New York Times,News,https://www.nytimes.com/2019/03/24/business/boeing-737-pilots-simulators.html,894,"['Indonesia', 'United States']","['Boeing 737 Max Groundings and Safety Concerns (2019)', 'Airlines and Airplanes', 'Aviation Accidents, Safety and Disasters', 'Regulation and Deregulation of Industry', 'Sensors', 'Pilots']"
5c50c9c53a125f5075c06f70,"b'New Jersey Embraces Sports Gambling, and a Billion-Dollar Business Is Born'",Sports,2019-01-29,Sports,"b'A Supreme Court ruling that expanded legal betting on sports has produced a gambling gold rush. Now bookmakers, media companies and tech entrepreneurs are rushing in to build out the industry.'",The New York Times,News,https://www.nytimes.com/2019/01/29/sports/sports-gambling-new-jersey.html,1421,"['Nevada', 'New Jersey']","['Gambling', 'Super Bowl', 'Football', 'Athletics and Sports']"
5c6bb7e23a125f5075c0a5a3,b'YouTube Unleashed a Conspiracy Theory Boom. Can It Be Contained?',Business,2019-02-19,Technology,b'What if stemming the tide of misinformation on YouTube means punishing some of its biggest stars?',The New York Times,News,https://www.nytimes.com/2019/02/19/technology/youtube-conspiracy-stars.html,1496,[],"['Rumors and Misinformation', 'Fringe Groups and Movements', 'Video Recordings, Downloads and Streaming', 'Law and Legislation', 'Social Media']"
5c8fad3749f0eacbf105daa9,"b'Alan B. Krueger, Economic Aide to Clinton and Obama, Is Dead at 58'",Obits,2019-03-18,Obituaries,"b'A labor economist, Princeton scholar, Treasury official and chairman of the Council of Economic Advisers. The police said the cause was suicide.'",The New York Times,Obituary (Obit),https://www.nytimes.com/2019/03/18/obituaries/alan-krueger-dead.html,1326,[],"['Economics (Theory and Philosophy)', 'Deaths (Obituaries)', 'United States Economy']"
5c37d8993a125f5075c03d28,b'Why Trump\xe2\x80\x99s Unusual Leadership Style Isn\xe2\x80\x99t Working in the White House',Business,2019-01-10,Business,"b'President Trump is churning through senior staff, a sign that his unconventional management style doesn\xe2\x80\x99t translate into effective governance.'",The New York Times,News,https://www.nytimes.com/2019/01/10/business/trump-staff-turnover-leadership.html,903,[],"['United States Politics and Government', 'Executives and Management (Theory)']"
5c6d72033a125f5075c0a9bc,b'He Sounds Just Like Freddie Mercury. And That\xe2\x80\x99s Good for Business.',Culture,2019-02-20,Arts,b'Marc Martel never thought his vocal resemblance to the Queen frontman \xe2\x80\x9cwould amount to anything more than a fun karaoke trick.\xe2\x80\x9d It\xe2\x80\x99s taken him to \xe2\x80\x9cBohemian Rhapsody\xe2\x80\x9d and beyond.',The New York Times,News,https://www.nytimes.com/2019/02/20/arts/music/marc-martel-queen-freddie-mercury-bohemian-rhapsody.html,1082,[],"['Pop and Rock Music', 'Movies']"
5c3662583a125f5075c039a6,b'High Times Has Some Glossy New Competition',Styles,2019-01-09,Style,b'Print is dying but magazines about marijuana are thriving. ',The New York Times,News,https://www.nytimes.com/2019/01/09/style/pot-marijuana-weed-magazines.html,1568,[],"['Marijuana', 'Magazines']"
5c861d0349f0eacbf105c619,b'Iran Tries to Expand Business in Iraq to Blunt U.S. Sanctions',Foreign,2019-03-11,World,"b'Tehran has worked hard to deepen its political influence. Now, a visit by the Iranian president highlights efforts to strengthen economic ties.'",The New York Times,News,https://www.nytimes.com/2019/03/11/world/middleeast/iran-iraq-rouhani.html,1455,[],"['Politics and Government', 'Economic Conditions and Trends', 'United States International Relations', 'Defense and Military Forces', 'Shiite Muslims']"
5c52c7503a125f5075c0745c,b'Jane Harper Started as a Business Reporter. Now She Writes Novels About Murder.',Culture,2019-01-31,Books,"b'Her mysteries set in Australia have international appeal. Her latest, \xe2\x80\x9cThe Lost Man,\xe2\x80\x9d hits American bookstores in February.'",The New York Times,News,https://www.nytimes.com/2019/01/31/books/jane-harper-lost-man-the-dry-murder-mystery-author.html,1486,['Australia'],"['Books and Literature', 'Writing and Writers']"
5c3725ca3a125f5075c03b48,b'The Lobbyists Blocking Nancy Pelosi and Her New Majority',OpEd,2019-01-10,Opinion,"b'She and her allies face some old, determined adversaries.'",The New York Times,Op-Ed,https://www.nytimes.com/2019/01/10/opinion/pelosi-trump-lobbying-democrats.html,2512,[],"['Lobbying and Lobbyists', 'Law and Legislation', 'United States Politics and Government']"
5c595eb43a125f5075c080d0,b'\xe2\x80\x98It\xe2\x80\x99s the Human Way\xe2\x80\x99: Corruption Scandals Play Out in Big Cities Across U.S.',National,2019-02-05,U.S.,"b'Major federal corruption investigations have brought dark clouds to Los Angeles, Chicago, Atlanta and Philadelphia.'",The New York Times,News,https://www.nytimes.com/2019/02/05/us/fbi-corruption-investigations.html,1496,"['Atlanta (Ga)', 'Chicago (Ill)', 'Los Angeles (Calif)', 'Philadelphia (Pa)']","['Corruption (Institutional)', 'Politics and Government', 'Elections, Mayors', 'City Councils', 'Bribery and Kickbacks']"
5c3869353a125f5075c03e40,b'Juul\xe2\x80\x99s Convenient Smoke Screen',Business,2019-01-11,Technology,"b'After making billions of dollars and joining forces with Big Tobacco, Juul is trying to reinvent itself as a public-health crusader.'",The New York Times,News,https://www.nytimes.com/2019/01/11/technology/juul-cigarettes-marketing.html,1120,[],"['E-Cigarettes', 'Smoking and Tobacco', 'Advertising and Marketing', 'Regulation and Deregulation of Industry', 'Addiction (Psychology)']"
5c30802d3a125f5075c02f55,b'Apple\xe2\x80\x99s Biggest Problem? My Mom',Business,2019-01-05,Technology,"b'The most consequential hit to the bottom line may be from people, including longtime fans, who are holding on to their phones longer.'",The New York Times,News,https://www.nytimes.com/2019/01/05/technology/apple-iphone-replacement-mom.html,1101,[],"['iOS (Operating System)', 'Smartphones', 'iPhone', 'Consumer Behavior']"
5c410b393a125f5075c05044,"b'A Madcap New Novel Bursts With Fake Gurus, Yoga and a Bit of Bone-Marrow Smuggling'",BookReview,2019-01-17,Books,b'\xe2\x80\x9cHark\xe2\x80\x9d \xe2\x80\x94 Sam Lipsyte\xe2\x80\x99s first novel since 2010\xe2\x80\x99s \xe2\x80\x9cThe Ask\xe2\x80\x9d \xe2\x80\x94 is a riff-filled skewering of contemporary culture.',The New York Times,Review,https://www.nytimes.com/2019/01/17/books/review/hark-sam-lipsyte.html,1111,[],['Books and Literature']
5c7f24ad49f0eacbf105b876,"b'In the Middle of His Official Business, Trump Took the Time to Send Checks to Michael Cohen'",Washington,2019-03-06,U.S.,b'The dates on newly available checks shed light on the parallel lives Mr. Trump was living \xe2\x80\x94 at once managing affairs of state while quietly paying the price of keeping his personal secrets.',The New York Times,News,https://www.nytimes.com/2019/03/05/us/politics/trump-michael-cohen-checks.html,1696,[],"['Adultery', 'Campaign Finance', 'United States Politics and Government', 'Presidential Election of 2016']"
5c41a3b23a125f5075c05163,b'Why Jeff Bezos\xe2\x80\x99 Divorce Should Worry Amazon Investors',Business,2019-01-18,Business,b'The Amazon chief\xe2\x80\x99s split from his wife raises questions about the disposal of their enormous stake in the company he founded. Investors deserve answers.',The New York Times,News,https://www.nytimes.com/2019/01/18/business/bezos-divorce-amazon-stock.html,1277,[],"['Divorce, Separations and Annulments', 'Shareholder Rights and Activism']"
5ca2390749f0eacbf1f7b238,b'Kellogg Agrees $1.3 Billion Cookie Sale With Nutella-Maker Ferrero',None,2019-04-01,Business,b'U.S. food group Kellogg Co has agreed to sell its Keebler biscuits brand and other assets to Nutella maker Ferrero for $1.3 billion as it focuses on its core cereals and snacks businesses. ',Reuters,News,https://www.nytimes.com/reuters/2019/04/01/business/01reuters-kellogg-divestiture-ferrero.html,406,[],[]
5cb0dc1349f0eacbf1f83791,b'Campbell to Sell Bolthouse Farms for $510 Million',None,2019-04-12,Business,"b""Campbell Soup Co said on Friday it would sell its Bolthouse Farms business to an affiliate of private equity firm Butterfly Equity for $510 million, in the U.S. food company's first major sale as part of its plan to reduce debt.""",Reuters,News,https://www.nytimes.com/reuters/2019/04/12/business/12reuters-campbell-soup-divestiture.html,275,[],[]
5cad98ac49f0eacbf1f823dc,b'Exclusive: Uber Plans to Sell Around $10 Billion Worth of Stock in IPO-Sources',None,2019-04-10,Business,"b'Uber Technologies Inc has decided it will seek to sell around $10 billion worth of stock in its initial public offering, and will make public the registration of the offering on Thursday, people familiar with the matter said on Tuesday.'",Reuters,News,https://www.nytimes.com/reuters/2019/04/10/business/10reuters-uber-ipo-exclusive.html,533,[],[]
5cad6a3849f0eacbf1f822fb,b'Exclusive: Uber Plans to Sell Around $10 Billion Worth of Stock in IPO-Sources',None,2019-04-10,Business,"b'Uber Technologies Inc has decided it will seek to sell around $10 billion worth of stock in its initial public offering, and will make public the registration of the offering on Thursday, people familiar with the matter said on Tuesday.'",Reuters,News,https://www.nytimes.com/reuters/2019/04/09/business/09reuters-uber-ipo-exclusive.html,533,[],[]
5cafaef349f0eacbf1f8316a,b'J. Crew Considers IPO for Its Successful Sister Madewell',None,2019-04-11,Business,"b""Clothing retailer J. Crew Group Inc. says it's considering a potential initial public offering for its successful Madewell brand.""",AP,News,https://www.nytimes.com/aponline/2019/04/11/business/ap-us-j-crew-madewell-ipo.html,283,[],[]
5caca61649f0eacbf1f81d56,"b""Principal Financial to Buy Wells Fargo's Retirement Unit for $1.2 Billion""",None,2019-04-09,Business,"b""U.S. retirement plan administrator Principal Financial Group said on Tuesday it would buy Wells Fargo &amp; Co's retirement plan services business for $1.2 billion, as it seeks a larger presence in markets serving mid-sized companies.""",Reuters,News,https://www.nytimes.com/reuters/2019/04/09/business/09reuters-wells-fargo-divestiture.html,406,[],[]
5caeeb8749f0eacbf1f829a1,b'SAP CEO Aims to Double Market Value to 250-300 Billion Euros by 2023-Report',None,2019-04-11,Business,"b""Europe's largest technology company SAP aims to more than double its market value to between 250 billion euros and 300 billion euros ($282-$338 billion) by 2023, Chief Executive Bill McDermott told a German newspaper.""",Reuters,News,https://www.nytimes.com/reuters/2019/04/11/business/11reuters-sap-market-capitalisation.html,309,[],[]
5cafca6949f0eacbf1f83218,"b'How Uber and Lyft Compare, in Four Charts'",Business,2019-04-11,Business,"b'The ride-sharing companies have competed for riders, drivers and investors. Now that Uber has filed for its initial public offering, here\xe2\x80\x99s how the two stack up.'",The New York Times,News,https://www.nytimes.com/2019/04/11/business/dealbook/uber-vs-lyft-ipo-financials.html,549,[],"['Company Reports', 'Car Services and Livery Cabs', 'Initial Public Offerings']"
5cac416849f0eacbf1f81c28,b'Sony Stock Surges After Reuters Reports Third Point Re-Building Stake',None,2019-04-09,Business,b'Sony Corp shares surged more than 9 percent on Tuesday after a Reuters report saying Third Point LLC was again raising its stake in the Japanese conglomerate stoked speculation that fund owner Daniel Loeb was preparing to agitate for more change.',Reuters,News,https://www.nytimes.com/reuters/2019/04/09/business/09reuters-sony-thirdpoint-stocks.html,458,[],[]
5ca4ca5949f0eacbf1f80950,b'Brexit Still Pushing Financial Jobs From UK to EU-Think Tank',None,2019-04-03,Business,"b""Financial firms in Britain continue to shift business to new European Union hubs and won't stop unless Brexit is cancelled, a think tank told British lawmakers on Wednesday.""",Reuters,News,https://www.nytimes.com/reuters/2019/04/03/business/03reuters-britain-eu-banks.html,388,[],[]
5cac132c49f0eacbf1f81bc7,"b'Chinese News Outlet Caixin Aims to Raise Up to $200 Million for Tech Development, Growth-Sources'",None,2019-04-09,Business,"b""News outlet Caixin Media Company Ltd, founded by one of China's most respected journalists, Hu Shuli, is seeking to raise up to $200 million (152.9 million pounds) in its latest funding round to finance growth, said two people with direct knowledg...""",Reuters,News,https://www.nytimes.com/reuters/2019/04/08/business/08reuters-caixin-fundraising.html,431,[],[]
5ca5b1c949f0eacbf1f80ca5,b'Brexit Still Pushing Financial Jobs From UK to EU-Think Tank',None,2019-04-04,Business,"b""Financial firms in Britain continue to shift business to new European Union hubs and won't stop unless Brexit is cancelled, a think tank told British lawmakers on Wednesday.""",Reuters,News,https://www.nytimes.com/reuters/2019/04/04/business/04reuters-britain-eu-banks.html,388,[],[]
5ca414e449f0eacbf1f805ff,b'China March Services Activity Quickens to 14-Month High in Further Sign of Recovery-Caixin PMI',None,2019-04-03,Business,"b""Activity in China's services sector picked up to a 14-month high in March as demand improved at home and abroad, a private business survey showed on Wednesday, adding to signs that government stimulus policies are gradually kicking in.""",Reuters,News,https://www.nytimes.com/reuters/2019/04/02/business/02reuters-china-economy-pmi-services-caixin.html,565,[],[]
5caf3c7049f0eacbf1f82c70,"b""Head of Citigroup's Institutional Clients Unit Retires: Memo""",None,2019-04-11,Business,"b""James Forese, president and chief executive officer of Citigroup Inc's&gt; institutional clients business, which contributed two-third's of the bank's profits last year, is retiring, according to an internal memo seen by Reuters.""",Reuters,News,https://www.nytimes.com/reuters/2019/04/11/business/11reuters-citigroup-moves-jamesforese.html,467,[],[]
5cabeeaf49f0eacbf1f81b7a,b'Sony Shares Surge After Reuters Reports Third Point Building Stake Again',None,2019-04-09,Business,b'Sony Corp shares surged more than 7 percent on Tuesday after a Reuters report saying Third Point LLC was again raising its stake in the Japanese conglomerate stoked speculation that fund owner Daniel Loeb was preparing to agitate for more change.',Reuters,News,https://www.nytimes.com/reuters/2019/04/08/business/08reuters-sony-thirdpoint-stocks.html,459,[],[]
5ca35d3149f0eacbf1f80205,b'New York Marketplace Embraces Its Immigrant Past',Business,2019-04-02,Business,"b'By inviting local businesses, the Market Line in Essex Crossing seeks to evoke the teeming environment of the Lower East Side in the 19th century.'",The New York Times,News,https://www.nytimes.com/2019/04/02/business/new-york-marketplace-remembers-its-immigrant-past.html,1253,"['Lower East Side (Manhattan, NY)']",['Mixed-Use Developments']
5cb0cebf49f0eacbf1f8371b,b'Big Bank Earnings Reflect Strength in the Economy',Business,2019-04-12,Business,"b'JPMorgan Chase and PNC Financial Services Group reported growth in the first quarter, despite a federal government shutdown that lasted for most of January.'",The New York Times,News,https://www.nytimes.com/2019/04/12/business/wall-street-bank-earnings-economy.html,520,[],"['Banking and Financial Institutions', 'United States Economy', 'Company Reports']"
5ca2400b49f0eacbf1f7b254,"b""U.S. Labor Department Moves to Ease Companies' Liability for Franchisee Wage Violations""",None,2019-04-01,Business,"b'The U.S. Department of Labor on Monday issued a proposal that would make it more difficult to prove companies are liable for the wage law violations of their contractors or franchisees, a top priority for business groups. '",Reuters,News,https://www.nytimes.com/reuters/2019/04/01/business/01reuters-usa-labor.html,412,[],[]
5ca3225249f0eacbf1f800ca,"b""Maersk Management Given Time to Turn Around 'Supertanker'""",None,2019-04-02,Business,"b""The main shareholder and the chairman of Danish shipping group A.P. Moller-Maersk both backed management's efforts to reshape the business, although other investors raised concerns on Tuesday about the rate of progress.""",Reuters,News,https://www.nytimes.com/reuters/2019/04/02/business/02reuters-maersk-agm.html,431,[],[]
5ca210da49f0eacbf1f7b1bf,"b'Kellogg to Sell Keebler Cookie Unit, Other Assets to Ferrero for $1.3 Billion'",None,2019-04-01,Business,"b'Kellogg Co said on Monday it would sell some assets including cookie brands Keebler and Famous Amos to Nutella maker Ferrero Group for $1.3 billion, to focus on its core cereal and snacks businesses. '",Reuters,News,https://www.nytimes.com/reuters/2019/04/01/business/01reuters-kellog-divestiture-ferrero.html,165,[],[]
5c3d20773a125f5075c0462f,b'Executive Shuffle at NBC Hints at C.E.O. Succession',Business,2019-01-14,Business,"b'Stephen B. Burke, the chief executive of NBCUniversal, put Jeff Shell in charge of the company\xe2\x80\x99s Hollywood operations, while Mark Lazarus will oversee its TV assets.'",The New York Times,News,https://www.nytimes.com/2019/01/14/business/media/nbc-executive-changes.html,681,[],"['Appointments and Executive Changes', 'Media']"
5cae46f849f0eacbf1f826fd,b'Deutsche Boerse Says It Is in Talks to Buy Some Refinitiv FX Units',None,2019-04-10,Business,b'German stock exchange operator Deutsche Boerse AG said on Wednesday that it is in &#8220;concrete negotiations&#8221; with data provider Refinitiv about the potential acquisition of certain foreign exchange business units.',Reuters,News,https://www.nytimes.com/reuters/2019/04/10/business/10reuters-refinitiv-divestiture-fxall.html,390,[],[]
5caf824749f0eacbf1f82e67,"b'Ford CEO Jim Hackett Wants Balance, Stability on Tariffs'",None,2019-04-11,Business,b'Ford CEO Jim Hackett is hoping for balance and stability in what is now an unstable tariff environment.',AP,News,https://www.nytimes.com/aponline/2019/04/11/business/ap-us-ford-ceo-tariffs.html,125,[],[]
5cb0bfdb49f0eacbf1f836a0,b'EU Clears Nidec Purchase of Whirlpool Unit Subject to Conditions',None,2019-04-12,Business,"b""The European Commission said on Friday it had approved Japanese firm Nidec's planned purchase of U.S. white goods maker Whirlpool Corp's compressor subsidiary Embraco, subject to conditions.""",Reuters,News,https://www.nytimes.com/reuters/2019/04/12/business/12reuters-whirlpool-m-a-nidec-eu.html,133,[],[]
5cae7f4149f0eacbf1f82845,"b'U.S. Grain Trader ADM Says to Seek Early Retirements, May Cut Jobs'",None,2019-04-10,Business,b'U.S. grain trader Archer Daniels Midland Co said on Wednesday it will seek voluntary early retirements by some North American employees and may eliminate individual jobs as part of a restructuring of specific areas.',Reuters,News,https://www.nytimes.com/reuters/2019/04/10/business/10reuters-archer-daniels-workers.html,407,[],[]
5cadd69349f0eacbf1f824b1,b'Russian Investigators Call for U.S. Investor to Be Let Out of Jail',None,2019-04-10,Business,"b'Russian investigators have asked a court in Moscow to free detained U.S. investor Michael Calvey from custody at a hearing later this week and to place him under house arrest instead, the court said on Wednesday. '",Reuters,News,https://www.nytimes.com/reuters/2019/04/10/business/10reuters-russia-business-detention.html,411,[],[]
5ca1f13749f0eacbf1f7b187,"b'When It Comes to Disclosing Sponsors, Your Google Assistant May Be Mute'",None,2019-04-01,Business,"b""On stage at an investor conference last month, Google's Chief Business Officer Philipp Schindler identified a vexing challenge for the company's most prized app: its virtual assistant. """,Reuters,News,https://www.nytimes.com/reuters/2019/04/01/business/01reuters-alphabet-google-assistant-ads-focus.html,933,[],[]
5ca5b10749f0eacbf1f80c9a,b'Saga Shares Plunge as Older Britons Cut Back on European Travel',None,2019-04-04,Business,"b'Specialist tourism and insurance firm Saga warned that older Britons were cutting back on their travel plans because of Brexit as it lowered its profit forecast, sending its shares tumbling by up to 40 percent on Thursday.'",Reuters,News,https://www.nytimes.com/reuters/2019/04/04/business/04reuters-saga-results.html,485,[],[]
5ca4478749f0eacbf1f806a5,b'Pernod Ricard Betting on Growth From Green Agenda',None,2019-04-03,Business,"b'Drinks group Pernod Ricard, which is being targeted by activist investor Elliott, is banking that its push into socially and environmentally sound business practices will boost its growth in the coming decade. '",Reuters,News,https://www.nytimes.com/reuters/2019/04/03/business/03reuters-pernod-sustainability.html,482,[],[]
5ca6482c49f0eacbf1f80f1d,"b'Polarised U.S. Politics Offers Opportunity for the FT, Says CEO'",None,2019-04-04,Business,"b""The polarisation of U.S. politics in the Trump era has created an opportunity for the Financial Times to attract readers who want balanced coverage with a global perspective, the London-based business newspaper's chief executive said on Thursday.""",Reuters,News,https://www.nytimes.com/reuters/2019/04/04/business/04reuters-nikkei-ft-usa.html,393,[],[]
